assigned_on,name,source_name
2026-08-15,xx51168,
2026-08-14,Deadhook,
2026-08-13,Moon156915,Moon
2026-08-12,Jay925,
2026-08-11,Supreme Justice Kai,
2026-08-10,Emmkayv,
2026-08-09,Pens4ever,
2026-08-08,Femme de Fatale,
2026-08-07,GloomDoom7,
2026-08-06,MikeMac27,
2026-08-05,Pens4ever,
2026-08-04,DarkKn8Sarcophagus,
2026-08-03,Trash Panda Taco,TacoSteve23
2026-08-02,Prodin,
2026-08-01,Smoke Haus,
2026-07-31,sc0rpXIII,Scorp
2026-07-30,Sunset Ryder OG,
2026-07-29,Dark Cities,
2026-07-28,Irishjen536,
2026-07-27,Early riser,
2026-07-26,mykewazowskii,mykewazowski
2026-07-25,Deus Belli,
2026-07-24,Ckost420,
2026-07-23,StoneyBaloney1,
2026-07-22,SaeBom,
2026-07-21,쏠namisol,namisol
2026-07-20,smoothAZice,
2026-07-19,TomBombadillll,TomBombadill
2026-07-18,REAGANSRANGER,
2026-07-17,SnakeDrvr,
2026-07-16,NUNA,
2026-07-15,Jay925,
2026-07-14,Stabby Julie,
2026-07-13,kkgmen,
2026-07-12,Prodin,
2026-07-11,marco2107,
2026-07-10,Supreme Justice Kai,
2026-07-09,Moon156915,Moon
2026-07-08,SARGENT OGRE,Sargeant Ogre
2026-07-07,Cpt Im not Yeti,Cpt Carabatsos
2026-07-06,GloomDoom7,GloomDoom
2026-07-05,Femme de Fatale,
2026-07-04,Whiskey Brain,
2026-07-03,The Rak is Slippy,Rak is Slippy
2026-07-02,DarkKn8Sarcophagus,
2026-07-01,TeflonRon23,
2026-06-30,Nawt2Shabby,
2026-06-29,XxRainxX29,
2026-06-28,MikeMac27,
2026-06-27,Good Luck,
2026-06-26,Jamesh1983,
2026-06-25,Coquient,
2026-06-24,the rush,
2026-06-23,Irishjen536,
2026-06-22,Pens4ever,
2026-06-21,NewInaru,
2026-06-20,thialmeida,
2026-06-19,Vicinenscki,Vicinescki
2026-06-18,Wardog1950,
2026-06-17,Midgey32,
2026-06-16,FurtiveDUST,
2026-06-15,mykewazowskii,mykewazowski
2026-06-14,Sunset Ryder OG,
2026-06-13,Early riser,
2026-06-12,xx51168,
2026-06-11,Dark Cities,
2026-06-10,AYA 99,
2026-06-09,яepoman46,Repoman
2026-06-08,Deadhook,
2026-06-07,MikeMac27,
2026-06-06,RaMaBack,
2026-06-05,DMTrealm,
2026-06-04,GWOT,
2026-06-03,JusticeKai,
2026-06-02,Trash Panda Taco,TacoSteve23
2026-06-01,BULL17,
2026-05-31,Smoke Haus,
2026-05-30,Pocket Villain,
2026-05-29,FilthyLuck,
2026-05-28,VaChynA,
2026-05-27,Ckost420,Ckost
2026-05-26,sc0rpXIII,Scorp
2026-05-25,MikeMac27,
2026-05-24,Deus Belli,
2026-05-23,Lady Nyxx,
2026-05-22,StoneyBaloney1,
2026-05-21,SARGENT OGRE,
2026-05-20,Femme de Fatale,
2026-05-19,Tatsumori,
2026-05-18,Supreme Justice Kai,
2026-05-17,Cpt Im not Yeti,Cpt
2026-05-16,Insidious Side,
2026-05-15,jeffIt67,
2026-05-14,Coquient,
2026-05-13,The wind bender,
2026-05-12,Moon156915,
2026-05-11,marco2107,
2026-05-10,Early riser,
2026-05-09,thialmeida,
2026-05-08,I am Mr Yeti,
2026-05-07,Jay925,
2026-05-06,DaisyMae RQ,
2026-05-05,Whiskey Brain,
2026-05-04,Ksoed,
2026-05-03,GloomDoom7,
